,0,1,2,3,4,5,6,7,8,9,10,11,12
0,RK,PLAYER,TEAM,COMP,ATT,PCT,YDS,YDS/A,LONG,TD,INT,SACK,RAT
1,1,"Matt Johnson, QB",BGSU,368,535,68.8,4700,8.8,94,43,8,35,166.1
2,2,"Brandon Doughty, QB",WKU,356,496,71.8,4594,9.3,78,45,7,13,176.7
3,3,"Patrick Mahomes, QB",TTU,336,517,65.0,4283,8.3,90,32,14,21,149.6
4,4,"Luke Falk, QB",WSU,418,591,70.7,4266,7.2,75,36,8,35,148.8
5,5,"Jared Goff, QB",CAL,316,492,64.2,4252,8.6,80,37,13,25,156.4
6,6,"Nick Arbuckle, QB",GAST,293,457,64.1,4160,9.1,76,26,11,28,154.5
7,7,"Nick Mullens, QB",USM,306,483,63.4,4145,8.6,69,36,12,20,155.1
8,8,"Dane Evans, QB",TLSA,278,441,63.0,3958,9.0,80,22,8,35,151.3
9,9,"Chad Kelly, QB",MISS,277,425,65.2,3740,8.8,73,27,12,16,154.4
10,10,"Cooper Rush, QB",CMU,309,460,67.2,3703,8.1,83,25,10,25,148.4
11,RK,PLAYER,TEAM,COMP,ATT,PCT,YDS,YDS/A,LONG,TD,INT,SACK,RAT
12,11,"Brent Stockstill, QB",MTSU,301,451,66.7,3678,8.2,76,27,8,14,151.5
13,12,"Paxton Lynch, QB",MEM,280,406,69.0,3670,9.0,82,28,3,15,166.2
14,13,"Mason Rudolph, QB",OKST,246,393,62.6,3591,9.1,82,21,9,27,152.4
15,14,"Jeff Driskel, QB",LT,255,412,61.9,3575,8.7,72,24,8,18,150.1
16,,"Trevone Boykin, QB",TCU,257,396,64.9,3575,9.0,70,31,10,12,161.5
17,16,"Deshaun Watson, QB",CLEM,287,413,69.5,3512,8.5,67,30,11,12,159.6
18,17,"Mike Bercovici, QB",ASU,290,480,60.4,3442,7.2,93,26,9,37,134.8
19,18,"Dak Prescott, QB",MSST,291,435,66.9,3413,7.8,63,25,4,31,149.9
20,19,"Baker Mayfield, QB",OKLA,243,354,68.6,3389,9.6,76,35,5,34,178.9
21,20,"Josh Rosen, QB",UCLA,266,447,59.5,3351,7.5,70,20,9,15,133.2
22,RK,PLAYER,TEAM,COMP,ATT,PCT,YDS,YDS/A,LONG,TD,INT,SACK,RAT
23,21,"Cody Kessler, QB",USC,280,414,67.6,3315,8.0,83,28,6,35,154.3
24,22,"Zach Terrell, QB",WMU,244,365,66.8,3225,8.8,76,27,8,29,161.1
25,23,"Nate Sudfeld, QB",IND,219,361,60.7,3184,8.8,72,24,5,9,153.9
26,24,"Brandon Allen, QB",ARK,224,344,65.1,3125,9.1,71,29,7,12,165.2
27,25,"Tanner Mangum, QB",BYU,242,390,62.1,3062,7.9,84,21,7,26,142.2
28,26,"Brad Kaaya, QB",MIA,221,358,61.7,3019,8.4,67,15,4,12,144.2
29,27,"Matt Linehan, QB",IDHO,248,391,63.4,2989,7.6,71,16,11,24,135.5
30,28,"Brett Rypien, QB",BSU,244,390,62.6,2976,7.6,85,17,7,18,137.5
31,29,"Joe Licata, QB",BUFF,280,449,62.4,2969,6.6,78,16,15,16,123.0
32,30,"Connor Cook, QB",MSU,210,369,56.9,2921,7.9,74,24,5,14,142.2
33,RK,PLAYER,TEAM,COMP,ATT,PCT,YDS,YDS/A,LONG,TD,INT,SACK,RAT
34,31,"Blake Frohnapfel, QB",UMASS,266,472,56.4,2919,6.2,62,16,13,26,114.0
35,32,"Tommy Armstrong Jr., QB",NEB,210,383,54.8,2856,7.5,55,21,16,11,127.2
36,33,"Marquise Williams, QB",UNC,197,321,61.4,2829,8.8,89,21,9,13,151.4
37,34,"Matt Johns, QB",UVA,247,403,61.3,2810,7.0,80,20,17,20,127.8
38,35,"Gunner Kiel, QB",CIN,206,316,65.2,2777,8.8,88,19,11,8,151.9
39,36,"Wes Lunt, QB",ILL,270,481,56.1,2761,5.7,53,14,6,18,111.5
40,37,"Jake Rudock, QB",MICH,229,358,64.0,2739,7.7,64,17,9,17,138.9
41,38,"P.J. Walker, QB",TEM,223,391,57.0,2737,7.0,75,19,7,17,128.3
42,39,"Alex McGough, QB",FIU,269,420,64.0,2722,6.5,75,21,8,27,131.2
43,40,"Phillip Ely, QB",TOL,206,375,54.9,2680,7.1,88,21,10,4,128.1
44,RK,PLAYER,TEAM,COMP,ATT,PCT,YDS,YDS/A,LONG,TD,INT,SACK,RAT
45,41,"Jake Browning, QB",WASH,210,334,62.9,2671,8.0,81,16,10,29,139.9
46,42,"Blake Kemp, QB",ECU,260,375,69.3,2658,7.1,69,16,10,13,137.6
47,43,"Kevin Hogan, QB",STAN,194,283,68.6,2644,9.3,93,24,7,18,170.1
48,44,"Skyler Howard, QB",WVU,193,352,54.8,2613,7.4,70,21,12,29,130.1
49,45,"DeShone Kizer, QB",ND,189,298,63.4,2600,8.7,75,19,9,19,151.7
50,46,"Greg Ward Jr., QB",HOU,207,304,68.1,2590,8.5,67,16,5,23,153.7
51,47,"C.J. Beathard, QB",IOWA,202,329,61.4,2570,7.8,85,15,4,22,139.6
52,48,"Tyler Jones, QB",TXST,223,382,58.4,2494,6.5,65,14,10,18,120.1
53,49,"Jake Coker, QB",ALA,222,338,65.7,2489,7.4,81,17,8,18,139.4
54,50,"Mitch Leidner, QB",MINN,218,377,57.8,2478,6.6,57,13,10,14,119.1
55,RK,PLAYER,TEAM,COMP,ATT,PCT,YDS,YDS/A,LONG,TD,INT,SACK,RAT
56,51,"Joel Stave, QB",WIS,207,343,60.4,2470,7.2,45,10,11,21,124.0
57,52,"Thomas Sirk, QB",DUKE,234,390,60.0,2462,6.3,89,15,6,11,122.6
58,53,"Jacoby Brissett, QB",NCST,225,367,61.3,2448,6.7,83,19,4,32,132.2
59,54,"Vernon Adams Jr., QB",ORE,155,240,64.6,2446,10.2,52,25,6,24,179.6
60,55,"Sefo Liufau, QB",COLO,214,344,62.2,2418,7.0,72,9,6,23,126.4
61,56,"Chase Litton, QB",MRSH,207,349,59.3,2387,6.8,66,22,7,15,133.6
62,57,"Christian Hackenberg, QB",PSU,184,345,53.3,2386,6.9,77,16,5,38,123.8
63,58,"Brandon Silvers, QB",TROY,202,330,61.2,2378,7.2,75,20,7,11,137.5
64,59,"Nick Stevens, QB",CSU,189,305,62.0,2369,7.8,69,21,12,12,142.1
65,60,"Driphus Jackson, QB",RICE,185,316,58.5,2348,7.4,60,18,7,34,135.3
66,RK,PLAYER,TEAM,COMP,ATT,PCT,YDS,YDS/A,LONG,TD,INT,SACK,RAT
67,61,"Anu Solomon, QB",ARIZ,192,306,62.7,2338,7.6,70,18,4,19,143.7
68,62,"Brogan Roback, QB",EMU,211,346,61.0,2304,6.7,64,16,11,12,125.8
69,63,"Riley Neal, QB",BALL,228,391,58.3,2276,5.8,53,16,6,9,117.6
70,64,"Cody Clements, QB",USA,171,324,52.8,2272,7.0,76,13,15,24,115.7
71,65,"Matt Davis, QB",SMU,183,336,54.5,2263,6.7,63,16,7,38,122.6
72,,"Taylor Lamb, QB",APP,157,257,61.1,2263,8.8,58,29,8,9,166.1
73,67,"Chris Laviano, QB",RUTG,187,307,60.9,2247,7.3,58,16,12,24,131.8
74,68,"Kyle Allen, QB",TA&M,160,283,56.5,2210,7.8,95,17,7,23,137.0
75,69,"Nathan Peterman, QB",PITT,180,293,61.4,2150,7.3,51,19,5,25,141.1
76,70,"Patrick Towles, QB",UK,183,326,56.1,2148,6.6,53,9,14,25,112.0
77,RK,PLAYER,TEAM,COMP,ATT,PCT,YDS,YDS/A,LONG,TD,INT,SACK,RAT
78,71,"Joshua Dobbs, QB",TENN,191,319,59.9,2125,6.7,75,15,5,19,128.2
79,72,"Seth Russell, QB",BAY,119,200,59.5,2104,10.5,87,29,6,3,189.7
80,73,"Tyler Stewart, QB",NEV,180,313,57.5,2065,6.6,73,15,7,21,124.3
81,74,"Thomas Woodson, QB",AKR,148,278,53.2,2034,7.3,72,16,10,10,126.5
82,75,"Garrett Smith, QB",ULM,191,333,57.4,2033,6.1,69,17,11,24,118.9
83,76,"Travis Wilson, QB",UTAH,186,298,62.4,2024,6.8,66,13,10,20,127.2
84,77,"Quinton Flowers, QB",USF,149,244,61.1,2023,8.3,71,21,8,20,152.6
85,78,"Bryant Shirreffs, QB",CONN,158,262,60.3,1992,7.6,69,9,7,32,130.2
86,79,"Drew Hare, QB",NIU,164,257,63.8,1962,7.6,67,14,4,15,142.8
87,80,"Cameron Coffman, QB",WYO,152,241,63.1,1951,8.1,92,18,10,25,147.4
88,RK,PLAYER,TEAM,COMP,ATT,PCT,YDS,YDS/A,LONG,TD,INT,SACK,RAT
89,81,"Perry Orth, QB",SC,143,261,54.8,1929,7.4,78,12,9,17,125.1
90,82,"Brandon Harris, QB",LSU,135,254,53.2,1904,7.5,67,12,5,17,127.8
91,83,"Kenny Potter, QB",SJSU,172,251,68.5,1895,7.6,42,14,6,28,145.6
92,84,"Greyson Lambert, QB",UGA,152,236,64.4,1844,7.8,48,11,2,9,143.7
93,85,"Joe Hubener, QB",KSU,131,274,47.8,1837,6.7,72,9,9,21,108.4
94,86,"Derrius Vick, QB",OHIO,158,247,64.0,1809,7.3,67,10,6,21,134.0
95,87,"John Wolford, QB",WAKE,142,233,60.9,1791,7.7,58,9,11,23,128.8
96,88,"Everett Golson, QB",FSU,147,219,67.1,1778,8.1,70,11,3,18,149.2
97,89,"Ryan Willis, QB",KU,164,315,52.1,1719,5.5,53,9,10,31,101.0
98,90,"Blake Decker, QB",UNLV,120,209,57.4,1713,8.2,85,12,8,10,137.6
99,RK,PLAYER,TEAM,COMP,ATT,PCT,YDS,YDS/A,LONG,TD,INT,SACK,RAT
100,91,"Fredi Knighten, QB",ARST,122,223,54.7,1698,7.6,75,19,7,14,140.5
101,92,"Hayden Moore, QB",CIN,114,195,58.5,1683,8.6,68,9,8,13,138.0
102,93,"Tanner Lee, QB",TULN,143,276,51.8,1639,5.9,90,11,7,20,109.8
103,94,"Lamar Jackson, QB",LOU,123,221,55.7,1613,7.3,53,10,8,25,124.7
104,95,"Jaquez Johnson, QB",FAU,129,239,54.0,1592,6.7,94,9,7,17,116.5
105,96,"David Blough, QB",PUR,169,293,57.7,1574,5.4,83,10,8,19,108.6
106,97,"Max Wittek, QB",HAW,128,271,47.2,1542,5.7,79,7,15,22,92.5
107,98,"Johnny McCrary, QB",VAN,146,267,54.7,1533,5.7,44,6,12,19,101.3
108,99,"Treon Harris, QB",FLA,111,214,51.9,1530,7.2,66,9,5,28,121.1
109,100,"Maxwell Smith, QB",SDSU,110,200,55.0,1529,7.6,58,13,2,18,138.7
110,RK,PLAYER,TEAM,COMP,ATT,PCT,YDS,YDS/A,LONG,TD,INT,SACK,RAT
111,,"Andrew Allen, WR",NMSU,115,214,53.7,1529,7.1,76,16,8,18,131.0
112,102,"Kent Myers, QB",USU,107,179,59.8,1470,8.2,63,14,3,10,151.2
113,103,"Clayton Thorson, QB",NW,142,275,51.6,1465,5.3,66,7,7,18,99.7
114,104,"Cardale Jones, QB",OSU,110,176,62.5,1460,8.3,54,8,5,13,141.5
115,105,"Karson Roberts, QB",AFA,70,134,52.2,1446,10.8,75,9,10,2,150.1
116,106,"Sam B. Richardson, QB",ISU,128,213,60.1,1443,6.8,59,8,8,18,121.9
117,107,"Shuler Bentley, QB",ODU,140,269,52.0,1432,5.3,70,12,6,19,107.0
118,108,"Billy Bahl, QB",M-OH,99,221,44.8,1416,6.4,78,8,13,21,98.8
119,109,"Brooks Haack, QB",ULL,123,201,61.2,1407,7.0,64,5,7,14,121.2
120,110,"Justin Holman, QB",UCF,127,250,50.8,1379,5.5,46,7,14,10,95.2
121,RK,PLAYER,TEAM,COMP,ATT,PCT,YDS,YDS/A,LONG,TD,INT,SACK,RAT
122,111,"Michael Brewer, QB",VT,103,179,57.5,1359,7.6,71,12,6,18,136.7
123,112,"Dalton Sturm, QB",UTSA,125,212,59.0,1354,6.4,57,13,7,32,126.2
124,113,"Justin Thomas, QB",GT,75,180,41.7,1345,7.5,58,13,8,14,119.4
125,114,"Drew Lock, QB",MIZ,129,263,49.0,1332,5.1,78,4,8,25,90.5
126,115,"Eric Dungey, QB",SYR,105,176,59.7,1298,7.4,89,11,5,13,136.6
127,116,"Jarrett Stidham, QB",BAY,75,109,68.8,1265,11.6,81,12,2,9,199.0
128,117,"Austin Appleby, QB",PUR,119,207,57.5,1260,6.1,57,8,8,11,113.6
129,118,"Joel Lanning, QB",ISU,107,193,55.4,1247,6.5,74,10,4,24,122.7
130,119,"Mack Leftwich, QB",UTEP,105,192,54.7,1228,6.4,76,9,3,4,120.8
131,120,"Jerrod Heard, QB",TEX,92,159,57.9,1214,7.6,84,5,5,28,126.1
132,RK,PLAYER,TEAM,COMP,ATT,PCT,YDS,YDS/A,LONG,TD,INT,SACK,RAT
133,121,"Will Grier, QB",FLA,106,161,65.8,1204,7.5,77,10,3,13,145.4
134,122,"Brenden Motley, QB",VT,92,164,56.1,1155,7.0,61,11,7,16,128.9
135,,"David Washington, WR",ODU,94,161,58.4,1155,7.2,53,8,3,10,131.3
136,124,"Kyle Bolin, QB",LOU,78,137,56.9,1154,8.4,57,7,6,12,135.8
137,125,"Sean Maguire, QB",FSU,90,145,62.1,1128,7.8,75,9,2,5,145.1
138,126,"Sean White, QB",AUB,75,130,57.7,1064,8.2,47,1,2,10,125.9
139,127,"Jeremy Johnson, QB",AUB,94,156,60.3,1043,6.7,77,9,7,9,126.5
140,128,"DaMarcus Smith, QB",UNT,99,212,46.7,1010,4.8,61,8,5,12,94.5
141,129,"Perry Hills, QB",MD,90,180,50.0,1001,5.6,52,8,13,18,96.9
142,130,"Tyler Rogers, QB",NMSU,72,135,53.3,974,7.2,78,7,3,10,126.6
143,RK,PLAYER,TEAM,COMP,ATT,PCT,YDS,YDS/A,LONG,TD,INT,SACK,RAT
144,131,"Jason Driskel, QB",FAU,77,151,51.0,965,6.4,71,3,4,10,105.9
145,132,"Keenan Reynolds, QB",NAVY,46,84,54.8,964,11.5,75,6,1,14,172.4
146,133,"Lamar Jordan, QB",UNM,58,109,53.2,935,8.6,86,4,6,7,126.4
147,,"Seth Collins, QB",ORST,83,160,51.9,935,5.8,44,6,4,7,108.3
148,135,"Kendall Hinton, QB",WAKE,93,179,52.0,929,5.2,78,4,5,17,97.3
149,136,"Ikaika Woolsey, QB",HAW,73,149,49.0,908,6.1,77,5,6,9,103.2
150,137,"Colin Reardon, QB",KENT,81,176,46.0,901,5.1,58,7,4,4,97.6
151,138,"Ryan Metz, QB",UTEP,82,139,59.0,900,6.5,57,6,7,4,117.6
152,139,"Blake Bogenschutz, QB",UTSA,81,137,59.1,897,6.5,43,4,4,10,117.9
153,140,"Caleb Rowe, QB",MD,76,165,46.1,894,5.4,70,6,15,1,85.4
154,RK,PLAYER,TEAM,COMP,ATT,PCT,YDS,YDS/A,LONG,TD,INT,SACK,RAT
155,141,"Chuckie Keeton, QB",USU,90,174,51.7,892,5.1,58,3,6,6,93.6
156,142,"Drew Kummer, QB",M-OH,58,122,47.5,890,7.3,75,7,6,6,117.9
157,143,"Lee McNeill, QB",CHAR,100,189,52.9,878,4.6,37,1,10,18,83.1
158,144,"Zack Greenlee, QB",FRES,74,156,47.4,866,5.6,82,13,6,12,113.9
159,145,"Joe Gray, QB",SJSU,73,105,69.5,839,8.0,49,6,4,8,147.9
160,146,"Jalen Nixon, QB",ULL,76,142,53.5,828,5.8,49,7,5,3,111.7
161,147,"Andrew McNulty, QB",UNT,81,170,47.6,820,4.8,93,3,4,14,89.3
162,148,"Kilton Anderson, QB",FRES,78,157,49.7,817,5.2,43,2,5,12,91.2
163,149,"Kurt Palandech, QB",UNLV,75,152,49.3,794,5.2,49,9,5,23,106.2
164,150,"James Tabary, QB",ARST,65,105,61.9,788,7.5,49,4,6,10,126.1
165,RK,PLAYER,TEAM,COMP,ATT,PCT,YDS,YDS/A,LONG,TD,INT,SACK,RAT
166,151,"JD Sprague, QB",OHIO,49,87,56.3,785,9.0,65,7,1,4,156.4
167,152,"J.T. Barrett, QB",OSU,74,116,63.8,781,6.7,50,10,3,4,143.6
168,153,"Matt Johnson, QB",CHAR,47,87,54.0,771,8.9,63,7,8,6,136.6
169,154,"George Bollas, QB",KENT,94,167,56.3,756,4.5,45,2,6,9,91.1
170,155,"Montell Cozart, QB",KU,66,105,62.9,752,7.2,47,2,1,7,127.4
171,156,"Kyler Murray, QB",TA&M,72,121,59.5,686,5.7,26,5,7,8,109.2
172,157,"James Summers, QB",ECU,60,94,63.8,683,7.3,56,5,2,15,138.2
173,158,"J.W. Walsh, QB",OKST,48,71,67.6,663,9.3,75,13,1,0,203.7
174,159,"Maty Mauk, QB",MIZ,57,110,51.8,654,5.9,51,6,4,5,112.5
175,160,"Ryan Graham, QB",NIU,48,81,59.3,653,8.1,68,6,3,8,144.0
176,RK,PLAYER,TEAM,COMP,ATT,PCT,YDS,YDS/A,LONG,TD,INT,SACK,RAT
177,161,"Austin Apodaca, QB",UNM,50,97,51.5,644,6.6,81,1,5,4,100.4
178,162,"Jordy Joseph, QB",TULN,46,91,50.5,619,6.8,66,6,3,5,122.9
179,163,"Cade Apsay, QB",COLO,59,92,64.1,582,6.3,50,3,5,14,117.2
180,164,"Parker Boehme, QB",DUKE,43,77,55.8,579,7.5,52,2,1,6,125.0
181,165,"Nick Mitchell, QB",ORST,51,113,45.1,571,5.1,74,3,4,8,89.3
182,166,"Mitch Trubisky, QB",UNC,40,47,85.1,555,11.8,64,6,0,1,226.4
183,167,"Jeff Lockie, QB",ORE,54,84,64.3,544,6.5,44,5,4,9,128.8
184,168,"Earnest Carrington, QB",ULM,56,119,47.1,539,4.5,74,5,7,10,87.2
185,169,"Tyrone Swoopes, QB",TEX,47,93,50.5,537,5.8,57,4,1,4,111.1
186,170,"Zack Mahoney, QB",SYR,54,117,46.2,535,4.6,40,7,2,7,100.9
187,RK,PLAYER,TEAM,COMP,ATT,PCT,YDS,YDS/A,LONG,TD,INT,SACK,RAT
188,171,"Bo Schneider, QB",UCF,54,105,51.4,534,5.1,62,2,7,10,87.1
189,172,"Kevin Ellison, QB",GASO,37,84,44.0,532,6.3,60,3,5,6,97.1
190,173,"Nick Jeanty, QB",NMSU,54,101,53.5,531,5.3,77,3,2,7,103.5
191,174,"Jerrard Randall, QB",ARIZ,47,95,49.5,518,5.5,38,5,3,1,106.3
192,175,"Kyle Shurmur, QB",VAN,44,103,42.7,503,4.9,37,5,3,9,93.9
193,176,"Peyton Bender, QB",WSU,53,91,58.2,498,5.5,50,3,4,3,106.3
194,177,"Ryan Finley, QB",BSU,46,70,65.7,485,6.9,43,1,4,6,117.2
195,178,"John Fadule, QB",BC,38,73,52.1,464,6.4,37,1,4,10,99.0
196,179,"Kyle Postma, QB",HOU,41,66,62.1,450,6.8,40,3,1,3,131.4
197,180,"Ryker Fyfe, QB",NEB,34,55,61.8,440,8.0,52,5,5,2,140.8
198,RK,PLAYER,TEAM,COMP,ATT,PCT,YDS,YDS/A,LONG,TD,INT,SACK,RAT
199,,"Brooks Barden, QB",CHAR,49,99,49.5,440,4.4,31,4,5,18,90.1
200,182,"Ahmad Bradshaw, QB",ARMY,23,48,47.9,429,8.9,37,5,2,7,149.0
201,183,"Malik Zaire, QB",ND,26,40,65.0,428,10.7,66,4,0,2,187.9
202,184,"Marcus McMaryion, QB",ORST,27,67,40.3,403,6.0,47,1,3,4,86.8
203,185,"Jake Luton, QB",IDHO,49,78,62.8,383,4.9,37,1,4,5,98.0
204,186,"Troy Flutie, QB",BC,24,49,49.0,382,7.8,66,3,1,5,130.6
205,187,"Lorenzo Nunez, QB",SC,32,52,61.5,376,7.2,35,3,3,6,129.8
206,188,"Bram Kohlhausen, QB",TCU,27,43,62.8,369,8.6,86,3,1,1,153.2
207,189,"Michael Birdsong, QB",MRSH,43,80,53.8,365,4.6,27,2,4,5,90.3
208,190,"Drew Barker, QB",UK,35,70,50.0,364,5.2,42,1,2,5,92.7
209,RK,PLAYER,TEAM,COMP,ATT,PCT,YDS,YDS/A,LONG,TD,INT,SACK,RAT
210,191,"Jack Milas, QB",BALL,35,67,52.2,343,5.1,36,1,3,1,91.2
211,192,"Malik Rosier, QB",MIA,29,57,50.9,338,5.9,33,2,3,3,101.7
212,,"Brandon Dawkins, QB",ARIZ,20,38,52.6,338,8.9,95,2,2,10,134.2
213,194,"Christian Chapman, QB",SDSU,21,38,55.3,323,8.5,48,1,1,1,130.1
214,195,"Tyler Stehling, QB",RICE,24,48,50.0,320,6.7,37,1,2,4,104.5
215,196,"Reginald Bell, QB",EMU,35,59,59.3,308,5.2,38,2,3,12,104.2
216,,"Tyler Harris, QB",UCF,26,61,42.6,308,5.0,36,4,2,3,100.1
217,198,"Trevor Knight, QB",OKLA,22,40,55.0,305,7.6,55,2,2,2,125.5
218,199,"A.J. Schurr, QB",ARMY,11,29,37.9,300,10.3,71,3,4,4,131.4
219,,"Davis Webb, QB",TTU,22,41,53.7,300,7.3,51,2,0,0,131.2
220,RK,PLAYER,TEAM,COMP,ATT,PCT,YDS,YDS/A,LONG,TD,INT,SACK,RAT
221,201,"Dallas Tidwell, QB",TROY,25,54,46.3,298,5.5,43,1,2,1,91.4
222,,"Chason Virgil, QB",FRES,31,56,55.4,298,5.3,37,3,3,1,107.0
223,203,"Cooper Bateman, QB",ALA,37,51,72.5,291,5.7,31,1,2,1,119.1
224,204,"Kody Cook, WR",KSU,18,42,42.9,284,6.8,77,3,3,11,108.9
225,205,"Bart Houston, QB",WIS,27,45,60.0,281,6.2,23,3,2,3,125.6
226,,"Tim Boyle, QB",CONN,31,60,51.7,281,4.7,25,0,2,2,84.3
227,207,"Taysom Hill, QB",BYU,21,34,61.8,268,7.9,53,1,1,3,131.8
228,208,"Jordan Davis, QB",ULL,27,42,64.3,267,6.4,47,1,0,4,125.5
229,209,"Greg Windham, QB",OHIO,18,39,46.2,265,6.8,51,1,4,1,91.2
230,,"Tommy Fiedler, QB",NIU,21,45,46.7,265,5.9,32,2,3,4,97.5
231,RK,PLAYER,TEAM,COMP,ATT,PCT,YDS,YDS/A,LONG,TD,INT,SACK,RAT
232,211,"Jeff Smith, QB",BC,27,82,32.9,253,3.1,39,2,3,8,59.6
233,212,"Coleman Key, QB",CSU,21,44,47.7,251,5.7,49,3,3,2,104.5
234,213,"Brice Ramsey, QB",UGA,20,33,60.6,247,7.5,31,1,2,3,121.4
235,214,"Nick Smith, QB",WYO,27,60,45.0,245,4.1,25,2,1,6,87.0
236,215,"Nick Dylan Fitzgerald, QB",MSST,11,14,78.6,235,16.8,49,3,0,0,290.3
237,,"Connor White, QB",TXST,26,47,55.3,235,5.0,29,1,2,2,95.8
238,217,"Hayden Rettig, QB",RUTG,14,25,56.0,233,9.3,58,2,0,1,160.7
239,218,"Darius Wade, QB",BC,21,42,50.0,232,5.5,22,2,1,4,107.4
240,219,"Kendal Thompson, QB",UTAH,28,36,77.8,220,6.1,43,1,1,0,132.7
241,,"Chris Johnson, QB",BAY,15,38,39.5,220,5.8,71,3,2,2,103.6
242,RK,PLAYER,TEAM,COMP,ATT,PCT,YDS,YDS/A,LONG,TD,INT,SACK,RAT
243,221,"Kavika Johnson, QB",UTEP,27,53,50.9,218,4.1,58,3,0,5,104.2
244,222,"Favian Upshaw, QB",GASO,18,45,40.0,210,4.7,28,0,5,2,57.0
245,223,"Darrel Colbert Jr., QB",SMU,15,21,71.4,203,9.7,37,1,0,3,168.3
246,224,"Gus Ragland, QB",M-OH,20,29,69.0,196,6.8,19,3,0,1,159.9
247,225,"Zack Oliver, QB",NW,17,40,42.5,195,4.9,37,1,2,6,81.7
248,226,"Reggie Bonnafon, QB",LOU,14,24,58.3,192,8.0,40,2,1,6,144.7
249,227,"Quinten Dormady, QB",TENN,11,18,61.1,181,10.1,49,1,0,2,163.9
250,228,"Nick Schuessler, QB",CLEM,13,23,56.5,177,7.7,38,0,1,2,112.5
251,,"Steven Bench, QB",USF,14,22,63.6,177,8.0,62,2,1,1,152.1
252,,"Clay Holgorsen, QB",MEM,14,20,70.0,177,8.9,36,1,1,0,150.8
253,RK,PLAYER,TEAM,COMP,ATT,PCT,YDS,YDS/A,LONG,TD,INT,SACK,RAT
254,231,"James Knapke, QB",BGSU,14,20,70.0,173,8.7,43,1,0,0,159.2
255,232,"Ross Comis, QB",UMASS,15,21,71.4,171,8.1,45,2,0,3,171.3
256,233,"Zander Diamont, QB",IND,15,31,48.4,166,5.4,28,0,0,3,93.4
257,234,"Connor Mitch, QB",SC,13,29,44.8,165,5.7,27,1,0,2,104.0
258,235,"Chase Forrest, QB",CAL,10,18,55.6,162,9.0,63,1,1,1,138.4
259,236,"Chayce Crouch, QB",ILL,15,34,44.1,160,4.7,27,2,1,2,97.2
260,,"Dontreal Pruitt, QB",TROY,20,31,64.5,160,5.2,22,0,2,6,95.0
261,238,"Ford Childress, QB",WVU,19,34,55.9,159,4.7,29,2,2,2,102.8
262,239,"Devin Powell, QB",TULN,16,36,44.4,157,4.4,28,1,0,1,90.2
263,,"Tra'Von Chapman, QB",AKR,10,35,28.6,157,4.5,53,1,1,4,70.0
264,RK,PLAYER,TEAM,COMP,ATT,PCT,YDS,YDS/A,LONG,TD,INT,SACK,RAT
265,241,"Foster Sawyer, QB",TCU,10,26,38.5,155,6.0,44,2,3,3,90.9
266,242,"Faton Bauta, QB",UGA,15,33,45.5,154,4.7,29,0,4,1,60.4
267,,"Tom Flacco, QB",WMU,9,11,81.8,154,14.0,64,1,0,0,229.4
268,244,"Nate Romine, QB",AFA,7,18,38.9,143,7.9,36,2,1,0,131.2
269,245,"Chris Carter, QB",ARMY,4,6,66.7,140,23.3,65,1,1,1,284.3
270,246,"Ryan Higgins, QB",LT,15,25,60.0,138,5.5,22,1,3,1,95.6
271,247,"Beau Hoge, QB",BYU,10,17,58.8,137,8.1,47,1,1,1,134.2
272,248,"Kyle Pohl, QB",AKR,11,27,40.7,135,5.0,42,0,0,1,82.7
273,249,"Tyler O'Connor, QB",MSU,13,24,54.2,133,5.5,36,2,1,2,119.9
274,250,"Trey Anderson, QB",FIU,5,20,25.0,132,6.6,79,1,0,1,96.9
275,RK,PLAYER,TEAM,COMP,ATT,PCT,YDS,YDS/A,LONG,TD,INT,SACK,RAT
276,,"Deondre Ford, QB",KU,11,23,47.8,132,5.7,33,0,1,2,87.3
277,252,"Adam Schulz, QB",HOU,7,13,53.8,129,9.9,49,0,0,0,137.2
278,253,"Jalen Greene, WR",USC,3,4,75.0,127,31.8,75,1,0,0,424.2
279,254,"William Crest Jr., QB",WVU,11,25,44.0,124,5.0,45,0,1,1,77.7
280,,"K.J. Carta-Samuels, QB",WASH,10,24,41.7,124,5.2,33,0,1,2,76.7
281,256,"Jordan Gehrke, QB",COLO,12,24,50.0,116,4.8,23,1,1,4,96.0
282,257,"Daxx Garman, QB",MD,6,18,33.3,115,6.4,46,1,1,5,94.2
283,258,"Thomas Stuart, QB",BSU,12,18,66.7,114,6.3,37,1,0,5,138.2
284,259,"Max Browne, QB",USC,8,12,66.7,113,9.4,35,0,0,0,145.8
285,260,"Chad Voytik, QB",PITT,16,24,66.7,112,4.7,55,1,1,4,111.3
286,RK,PLAYER,TEAM,COMP,ATT,PCT,YDS,YDS/A,LONG,TD,INT,SACK,RAT
287,,"Tyler Matthews, QB",USM,5,7,71.4,112,16.0,47,1,0,1,253.0
288,262,"JP Caruso, QB",APP,8,12,66.7,109,9.1,37,2,0,0,198.0
289,263,"Dallas Davis, QB",USA,11,23,47.8,108,4.7,40,1,1,8,92.9
290,264,"Brian Williams, WR",ULM,5,10,50.0,101,10.1,48,3,1,2,213.8
291,265,"Josh Greer, QB",UNT,8,23,34.8,97,4.2,24,0,2,1,52.8
292,266,"Ryan Buchanan, QB",MISS,8,12,66.7,96,8.0,31,2,1,0,172.2
293,,"Taylor Alie, QB",ORE,6,14,42.9,96,6.9,43,1,0,1,124.0
294,268,"Matthew Jordan, QB",GT,5,9,55.6,94,10.4,35,1,1,2,157.7
295,269,"Jake Hubenak, QB",TA&M,12,27,44.4,92,3.4,20,1,0,1,85.3
296,270,"Laquon Treadwell, WR",MISS,2,2,100.0,89,44.5,68,1,0,0,638.8
297,RK,PLAYER,TEAM,COMP,ATT,PCT,YDS,YDS/A,LONG,TD,INT,SACK,RAT
298,271,"Shane Cockerille, FB",MD,11,23,47.8,82,3.6,19,0,0,1,77.8
299,272,"DeVante Kincade, QB",MISS,9,15,60.0,79,5.3,16,1,0,1,126.2
300,,"Xavier Jones, RB",SMU,2,2,100.0,79,39.5,40,2,0,0,761.8
301,274,"Jalen Robinette, WR",AFA,2,2,100.0,76,38.0,56,2,0,0,749.2
302,,"Nacarius Fant, WR",WKU,2,2,100.0,76,38.0,69,2,0,0,749.2
303,276,"Courtland Sutton, WR",SMU,2,2,100.0,75,37.5,45,0,0,0,415.0
304,277,"Wilton Speight, QB",MICH,9,25,36.0,73,2.9,13,1,1,0,65.7
305,,"Damion Hobbs, QB",USU,4,5,80.0,73,14.6,34,1,0,0,268.6
306,279,"Jakeem Grant, WR",TTU,1,1,100.0,72,72.0,72,1,0,0,1034.8
307,280,"Michael Julian, QB",TOL,5,7,71.4,71,10.1,25,1,0,0,203.8
308,RK,PLAYER,TEAM,COMP,ATT,PCT,YDS,YDS/A,LONG,TD,INT,SACK,RAT
309,281,"Nelson Fishback, QB",WKU,7,8,87.5,70,8.8,16,0,0,0,161.0
310,282,"Jalan McClendon, QB",NCST,8,14,57.1,69,4.9,21,0,0,1,98.5
311,283,"Tyler Boyd, WR",PITT,2,3,66.7,67,22.3,38,0,0,0,254.3
312,284,"Danny Cameron, QB",IND,6,16,37.5,65,4.1,20,0,1,1,59.1
313,285,"Lynx Hawthorne, WR",BAY,10,22,45.5,64,2.9,12,0,2,1,51.7
314,286,"Keller Chryst, QB",STAN,5,9,55.6,59,6.6,20,1,0,1,147.3
315,,"Malik Watson, QB",SJSU,9,15,60.0,59,3.9,22,0,1,0,79.7
316,288,"Jauan Jennings, WR",TENN,1,2,50.0,58,29.0,58,1,0,0,458.6
317,289,"Jesse Kroll, WR",CMU,2,3,66.7,57,19.0,40,0,0,0,226.3
318,,"Koy Detmer Jr., QB",BYU,3,3,100.0,57,19.0,47,0,0,0,259.6
319,RK,PLAYER,TEAM,COMP,ATT,PCT,YDS,YDS/A,LONG,TD,INT,SACK,RAT
320,291,"Jerry Neuheisel, QB",UCLA,5,18,27.8,53,2.9,19,0,2,0,30.3
321,,"Shane Williams-Rhodes, WR",BSU,1,1,100.0,53,53.0,53,1,0,0,875.2
322,,"Garrett Anderson, QB",CONN,2,2,100.0,53,26.5,45,1,0,1,487.6
323,294,"Elijah Staley, QB",MSST,3,5,60.0,51,10.2,37,1,0,0,211.7
324,,"Makoa Camanse-Stevens, WR",HAW,1,2,50.0,51,25.5,51,0,0,0,264.2
325,,"Josh Allen, QB",WYO,4,6,66.7,51,8.5,19,0,0,0,138.1
326,,"Dwayne Lawson, QB",VT,3,9,33.3,51,5.7,31,0,0,0,80.9
327,298,"Bentlee Critcher, PK",APP,2,2,100.0,50,25.0,36,0,0,0,310.0
328,299,"Austin Wilson, QB",SYR,4,8,50.0,49,6.1,22,1,1,1,117.7
329,300,"Cody Tuttle, TE",EMU,1,1,100.0,48,48.0,48,0,0,0,503.2
330,RK,PLAYER,TEAM,COMP,ATT,PCT,YDS,YDS/A,LONG,TD,INT,SACK,RAT
331,301,"Zach Pascal, WR",ODU,1,1,100.0,47,47.0,47,0,0,0,494.8
332,302,"Nick Scott, RB",PSU,2,2,100.0,46,23.0,32,1,0,0,458.2
333,303,"K.D. Edenfield, WR",TROY,1,1,100.0,45,45.0,45,0,0,0,478.0
334,,"Austin Grammer, QB",MTSU,6,9,66.7,45,5.0,15,1,1,0,123.1
335,305,"Phil Mayhue, WR",MEM,1,2,50.0,44,22.0,44,1,0,0,399.8
336,306,"Trace McSorley, QB",PSU,6,13,46.2,43,3.3,12,0,0,1,73.9
337,307,"Shannon Brooks, RB",MINN,1,1,100.0,42,42.0,42,1,0,0,782.8
338,308,"Frank Nutile, QB",TEM,3,3,100.0,40,13.3,19,1,0,0,322.0
339,309,"Russell Bellomy, QB",UTSA,4,10,40.0,39,3.9,16,0,0,1,72.8
340,,"Bralon Addison, WR",ORE,1,2,50.0,39,19.5,39,1,0,1,378.8
341,RK,PLAYER,TEAM,COMP,ATT,PCT,YDS,YDS/A,LONG,TD,INT,SACK,RAT
342,,"Christian McCaffrey, RB",STAN,2,3,66.7,39,13.0,28,2,0,0,395.9
343,312,"Quinshad Davis, WR",UNC,1,1,100.0,37,37.0,37,1,0,0,740.8
344,,"Cameron Birse, QB",ARST,4,4,100.0,37,9.3,13,0,0,0,177.7
345,314,"Joe Hansley, WR",CSU,1,1,100.0,35,35.0,35,0,0,0,394.0
346,,"Austin Allen, QB",ARK,1,3,33.3,35,11.7,35,1,0,0,241.3
347,,"Torii Hunter Jr., WR",ND,1,2,50.0,35,17.5,35,0,0,0,197.0
348,,"Deon Cain, WR",CLEM,1,1,100.0,35,35.0,35,0,0,0,394.0
349,318,"Connor Brewer, QB",ARIZ,4,8,50.0,34,4.3,14,0,1,1,60.7
350,,"Fred Ross, WR",MSST,1,1,100.0,34,34.0,34,0,0,0,385.6
351,,"Isaiah Jones, WR",ECU,1,1,100.0,34,34.0,34,0,0,1,385.6
352,RK,PLAYER,TEAM,COMP,ATT,PCT,YDS,YDS/A,LONG,TD,INT,SACK,RAT
353,321,"Demry Croft, QB",MINN,7,17,41.2,34,2.0,16,0,0,3,58.0
354,322,"Tyler Williams, WR",AFA,1,1,100.0,33,33.0,33,0,0,0,377.2
355,323,"Geno Lewis, WR",PSU,1,2,50.0,32,16.0,32,1,0,0,349.4
356,,"Tyler Wiegers, QB",IOWA,3,4,75.0,32,8.0,22,0,0,1,142.2
357,325,"Tyrell Clay, RB",UTSA,1,1,100.0,31,31.0,31,0,0,0,360.4
358,326,"Tago Smith, QB",NAVY,2,3,66.7,30,10.0,24,1,1,0,194.0
359,,"Price Wilson, QB",LT,1,3,33.3,30,10.0,30,0,0,0,117.3
360,,"Hyleck Foster, WR",MRSH,1,1,100.0,30,30.0,30,0,0,0,352.0
361,,"Brandon Presley, WR",UNLV,1,1,100.0,30,30.0,30,0,0,0,352.0
362,330,"Demarcus Ayers, WR",HOU,1,1,100.0,29,29.0,29,1,0,0,673.6
363,RK,PLAYER,TEAM,COMP,ATT,PCT,YDS,YDS/A,LONG,TD,INT,SACK,RAT
364,,"Shaun Nixon, RB",TCU,1,1,100.0,29,29.0,29,1,0,0,673.6
365,,"D'Ernest Johnson, RB",USF,1,1,100.0,29,29.0,29,1,0,0,673.6
366,333,"Tra Carson, RB",TA&M,1,2,50.0,28,14.0,28,0,0,0,167.6
367,334,"Marvin Hall, WR",WASH,1,1,100.0,27,27.0,27,1,0,0,656.8
368,,"Thomas Sperbeck, WR",BSU,2,4,50.0,27,6.8,23,1,0,0,189.2
369,,"Matt Haack, P",ASU,1,1,100.0,27,27.0,27,0,0,0,326.8
370,,"Kelly Bryant, QB",CLEM,7,9,77.8,27,3.0,10,0,1,0,80.8
371,338,"Herb Waters, WR",MIA,1,1,100.0,26,26.0,26,0,0,0,318.4
372,,"Kelvin White, TE",ARMY,1,4,25.0,26,6.5,26,0,0,0,79.6
373,,"Holden Kramer, P",ISU,2,2,100.0,26,13.0,21,0,0,0,209.2
374,RK,PLAYER,TEAM,COMP,ATT,PCT,YDS,YDS/A,LONG,TD,INT,SACK,RAT
375,,"Wade Freebeck, QB",VAN,2,6,33.3,26,4.3,17,0,1,0,36.4
376,342,"Brayle Brown, QB",ULM,3,11,27.3,25,2.3,17,0,0,2,46.4
377,,"John Christopher, WR",TEM,1,3,33.3,25,8.3,25,0,0,0,103.3
378,,"Tony Daniel, QB",BUFF,3,5,60.0,25,5.0,16,0,1,0,62.0
379,,"Cayleb Jones, WR",ARIZ,1,1,100.0,25,25.0,25,0,0,0,310.0
380,,"Nick Patti, WR",UCF,4,8,50.0,25,3.1,10,0,0,0,76.3
381,,"Joe Walker, RB",ARMY,1,1,100.0,25,25.0,25,0,0,0,310.0
382,,"Devontae Booker, RB",UTAH,1,1,100.0,25,25.0,25,1,0,0,640.0
383,349,"Tres Houston, WR",ARST,1,3,33.3,24,8.0,24,0,0,0,100.5
384,,"Alvin Kamara, RB",TENN,1,1,100.0,24,24.0,24,0,0,0,301.6
385,RK,PLAYER,TEAM,COMP,ATT,PCT,YDS,YDS/A,LONG,TD,INT,SACK,RAT
386,351,"Tim Byerly, QB",GT,1,1,100.0,23,23.0,23,0,0,0,293.2
387,352,"Corey Davis, WR",WMU,1,1,100.0,22,22.0,22,0,0,0,284.8
388,,"J.J. Cosentino, QB",FSU,4,6,66.7,22,3.7,12,0,0,0,97.5
389,354,"Mike Fafaul, QB",UCLA,2,2,100.0,21,10.5,15,0,0,0,188.2
390,,"Tevaun Smith, WR",IOWA,1,1,100.0,21,21.0,21,0,0,0,276.4
391,356,"Keaton Perry, QB",KU,2,6,33.3,20,3.3,19,1,1,0,83.0
392,357,"K.J. Brent, WR",WAKE,1,1,100.0,19,19.0,19,0,0,0,259.6
393,,"Austin Hays, WR",OKST,1,1,100.0,19,19.0,19,1,0,0,589.6
394,359,"Nic Shimonek, QB",TTU,1,2,50.0,18,9.0,18,0,0,0,125.6
395,,"Linell Bonner, WR",HOU,1,1,100.0,18,18.0,18,0,0,0,251.2
396,RK,PLAYER,TEAM,COMP,ATT,PCT,YDS,YDS/A,LONG,TD,INT,SACK,RAT
397,361,"KaVontae Turpin, WR",TCU,1,2,50.0,18,9.0,18,0,0,0,125.6
398,362,"Brandon Wimbush, QB",ND,3,5,60.0,17,3.4,9,0,0,1,88.6
399,363,"Ryan Burbrink, WR",BGSU,1,3,33.3,16,5.3,16,0,0,0,78.1
400,,"KJ Maye, WR",MINN,1,1,100.0,16,16.0,16,0,0,0,234.4
401,,"Mitchell Paige, WR",IND,1,1,100.0,16,16.0,16,0,0,0,234.4
402,,"Luke Wright, QB",CIN,1,3,33.3,16,5.3,16,0,0,1,78.1
403,367,"Remington Peck, DL",BYU,1,1,100.0,15,15.0,15,1,0,0,556.0
404,,"Damion Terry, QB",MSU,2,7,28.6,15,2.1,13,0,0,1,46.6
405,,"Olamide Zaccheaus, RB",UVA,1,1,100.0,15,15.0,15,1,0,0,556.0
406,370,"Isaiah Ford, WR",VT,1,2,50.0,14,7.0,14,0,0,0,108.8
407,RK,PLAYER,TEAM,COMP,ATT,PCT,YDS,YDS/A,LONG,TD,INT,SACK,RAT
408,371,"Sam Rogers, FB",VT,1,1,100.0,13,13.0,13,0,0,0,209.2
409,372,"Nelson Spruce, WR",COLO,1,4,25.0,12,3.0,12,0,0,0,50.2
410,,"Luke Turner, RB",RICE,2,3,66.7,12,4.0,8,1,0,0,210.3
411,,"Ryan Winslow, P",PITT,1,1,100.0,12,12.0,12,0,0,0,200.8
412,,"Matt Alviti, QB",NW,1,3,33.3,12,4.0,12,0,0,1,66.9
413,376,"Ryan Switzer, WR",UNC,1,2,50.0,11,5.5,11,0,0,0,96.2
414,,"Damon Mitchell, WR",ARK,1,1,100.0,11,11.0,11,0,0,0,192.4
415,,"Nate German, QB",RICE,1,2,50.0,11,5.5,11,0,0,0,96.2
416,,"Pharoh Cooper, WR",SC,2,5,40.0,11,2.2,17,1,0,1,124.5
417,,"Vic Enwere, RB",CAL,1,1,100.0,11,11.0,11,0,0,0,192.4
418,RK,PLAYER,TEAM,COMP,ATT,PCT,YDS,YDS/A,LONG,TD,INT,SACK,RAT
419,381,"Drew Eckels, QB",WKU,1,1,100.0,10,10.0,10,0,0,1,184.0
420,382,"Bilal Marshall, WR",PUR,1,1,100.0,9,9.0,9,0,0,0,175.6
421,,"Gunnar Holcombe, QB",MRSH,1,3,33.3,9,3.0,9,0,1,0,-8.1
422,,"Teddy Ruben, WR",TROY,1,1,100.0,9,9.0,9,0,0,0,175.6
423,,"Michael Scarnecchia, QB",SC,1,1,100.0,9,9.0,9,0,0,0,175.6
424,,"A.J. Cole III, P",NCST,1,1,100.0,9,9.0,9,0,0,0,175.6
425,387,"Taylor Cornelius, QB",OKST,2,5,40.0,8,1.6,5,0,0,2,53.4
426,388,"Lloyd Mills, WR",SDSU,1,1,100.0,7,7.0,7,1,0,0,488.8
427,,"Johnny Townsend, P",FLA,1,1,100.0,7,7.0,7,0,0,1,158.8
428,,"D.J. Vinson, WR",USA,1,1,100.0,7,7.0,7,0,0,0,158.8
429,RK,PLAYER,TEAM,COMP,ATT,PCT,YDS,YDS/A,LONG,TD,INT,SACK,RAT
430,,"Gerald Everett, TE",USA,1,1,100.0,7,7.0,7,1,0,0,488.8
431,,"Chris Carson, RB",OKST,1,1,100.0,7,7.0,7,0,0,0,158.8
432,393,"Carlos Harris, WR",UNT,1,1,100.0,6,6.0,6,1,0,0,480.4
433,,"Alec Morris, QB",ALA,1,1,100.0,6,6.0,6,0,0,0,150.4
434,,"Tyler Sarrazin, P",USM,1,2,50.0,6,3.0,6,1,0,0,240.2
435,396,"Janarion Grant, WR",RUTG,1,1,100.0,5,5.0,5,1,0,0,472.0
436,,"Jake Hall, QB",UCLA,1,1,100.0,5,5.0,5,0,0,0,142.0
437,,"Chris Qualls, P",ULM,1,1,100.0,5,5.0,5,0,0,0,142.0
438,399,"Deontae Cooper, FB",WASH,1,1,100.0,4,4.0,4,0,0,0,133.6
439,,"Glenn Gronkowski, FB",KSU,1,2,50.0,4,2.0,4,1,0,1,231.8
440,RK,PLAYER,TEAM,COMP,ATT,PCT,YDS,YDS/A,LONG,TD,INT,SACK,RAT
441,401,"Eric Keena, P",UNT,1,1,100.0,4,4.0,4,0,0,0,133.6
442,,"Aaron Banks, QB",PUR,1,1,100.0,4,4.0,4,0,0,0,133.6
443,403,"Josh Grady, QB",FLA,1,1,100.0,3,3.0,3,0,0,0,125.2
444,,"Braxton Miller, WR",OSU,1,1,100.0,3,3.0,3,0,0,0,125.2
445,,"David Dudeck, WR",BC,1,1,100.0,3,3.0,3,0,0,0,125.2
446,,"Jonathan Giles, WR",TTU,1,1,100.0,3,3.0,3,0,0,0,125.2
447,407,"Nolan Genovese, QB",MTSU,1,1,100.0,2,2.0,2,0,0,0,116.8
448,408,"Tion Green, RB",CIN,1,1,100.0,1,1.0,1,1,0,0,438.4
449,,"Cody Thomas, QB",OKLA,1,1,100.0,1,1.0,1,0,0,0,108.4
450,410,"Sam Bergen, FB",RUTG,1,1,100.0,0,.0,0,0,0,0,100.0
451,RK,PLAYER,TEAM,COMP,ATT,PCT,YDS,YDS/A,LONG,TD,INT,SACK,RAT
452,,"Devin Lucien, WR",ASU,0,1,.0,0,.0,0,0,0,0,.0
453,,"Max Morrison, WR",CIN,0,1,.0,0,.0,0,0,0,0,.0
454,,"DeVontae McNeal, RB",ULM,0,1,.0,0,.0,0,0,0,0,.0
455,,"Jamal Turner, WR",NEB,0,1,.0,0,.0,0,0,0,0,.0
456,,"Marvin Shinn, WR",USA,0,1,.0,0,.0,0,0,0,0,.0
457,,"Conner Floyd, WR",TLSA,0,1,.0,0,.0,0,0,0,0,.0
458,,"Alvonta Jenkins, WR",M-OH,0,2,.0,0,.0,0,0,0,0,.0
459,,"Terrel Hunt, QB",SYR,0,2,.0,0,.0,0,0,1,0,-100.0
460,,"Darion Griswold, TE",ARST,0,1,.0,0,.0,0,0,0,0,.0
461,,"Jack Rhoades, WR",TXST,0,1,.0,0,.0,0,0,0,0,.0
462,RK,PLAYER,TEAM,COMP,ATT,PCT,YDS,YDS/A,LONG,TD,INT,SACK,RAT
463,,"Garrett Krstich, QB",SMU,1,2,50.0,0,.0,0,0,1,0,-50.0
464,,"Anthony Nash, WR",DUKE,0,1,.0,0,.0,0,0,0,0,.0
465,,"Tyler Cameron, QB",WAKE,0,1,.0,0,.0,0,0,0,0,.0
466,,"V'Angelo Bentley, DB",ILL,0,1,.0,0,.0,0,0,0,0,.0
467,,"T.J. Millweard, QB",KU,0,1,.0,0,.0,0,0,1,0,-200.0
468,,"Chase Hansen, QB",UTAH,0,1,.0,0,.0,0,0,0,0,.0
469,,"Ryan Rodwell, P",GT,0,1,.0,0,.0,0,0,0,0,.0
470,,"Martez Walker, RB",CMU,0,1,.0,0,.0,0,0,0,0,.0
471,,"Ajalen Holley, WR",ULM,0,1,.0,0,.0,0,0,0,0,.0
472,,"Andrew Scanlan, WR",NW,0,1,.0,0,.0,0,0,0,0,.0
473,RK,PLAYER,TEAM,COMP,ATT,PCT,YDS,YDS/A,LONG,TD,INT,SACK,RAT
474,,"Troy Hawthorne, DB",UNLV,0,1,.0,0,.0,0,0,0,0,.0
475,,"Anthony Williams, WR",UNLV,0,1,.0,0,.0,0,0,0,0,.0
476,,"Brent VanderVeen, TE",ORST,0,1,.0,0,.0,0,0,0,0,.0
477,,"Jaydon Mickens, WR",WASH,0,1,.0,0,.0,0,0,0,0,.0
478,,"Alex Tardieu, P",ARMY,0,1,.0,0,.0,0,0,0,0,.0
479,,"DeAndre Bell, WR",ARMY,0,1,.0,0,.0,0,0,0,0,.0
480,,"Josh Magee, WR",UAB,0,1,.0,0,.0,0,0,0,0,.0
481,,"Gehrig Dieter, WR",BGSU,0,2,.0,0,.0,0,0,0,0,.0
482,,"Tim Crawley, WR",SJSU,0,1,.0,0,.0,0,0,0,0,.0
483,,"Anthony Wales, RB",WKU,0,1,.0,0,.0,0,0,0,0,.0
484,RK,PLAYER,TEAM,COMP,ATT,PCT,YDS,YDS/A,LONG,TD,INT,SACK,RAT
485,441,"Zach Wright, WR",RICE,0,1,.0,0,.0,0,0,0,0,.0
486,,"David Anaya, RB",UNM,0,1,.0,0,.0,0,0,0,0,.0
487,,"Tony Thomas, WR",FAU,0,1,.0,0,.0,0,0,1,0,-200.0
488,,"Joey Mangili, P",UNC,0,1,.0,0,.0,0,0,0,0,.0
489,,"Sean Avant, WR",SYR,0,1,.0,0,.0,0,0,0,0,.0
490,,"Cam Serigne, TE",WAKE,0,2,.0,0,.0,0,0,1,0,-100.0
491,,"Kyle Hicks, RB",TCU,0,1,.0,0,.0,0,0,0,0,.0
492,,"Trent Taylor, WR",LT,0,1,.0,0,.0,0,0,0,0,.0
493,,"Elijah McGuire, RB",ULL,0,2,.0,0,.0,0,0,0,0,.0
494,,"Teldrick Morgan, WR",NMSU,0,1,.0,0,.0,0,0,1,1,-200.0
495,RK,PLAYER,TEAM,COMP,ATT,PCT,YDS,YDS/A,LONG,TD,INT,SACK,RAT
496,,"Rayvean Moore, WR",NMSU,0,2,.0,0,.0,0,0,0,0,.0
497,,"Demarcus Robinson, WR",FLA,0,1,.0,0,.0,0,0,0,0,.0
498,,"Zack Rogers, P",UNM,0,1,.0,0,.0,0,0,0,0,.0
499,,"Gabe Myles, WR",MSST,0,1,.0,0,.0,0,0,0,0,.0
500,,"Taquan Mizzell, RB",UVA,0,1,.0,0,.0,0,0,0,0,.0
501,,"Cameron Johnston, P",OSU,0,1,.0,0,.0,0,0,0,0,.0
502,,"Ricky Seals-Jones, WR",TA&M,0,1,.0,0,.0,0,0,0,0,.0
503,,"Johnny Jefferson, RB",BAY,0,1,.0,0,.0,0,0,0,0,.0
504,,"Dan Monteroso, WR",PUR,0,1,.0,0,.0,0,0,0,0,.0
505,,"Jerico Richardson, WR",NEV,0,1,.0,0,.0,0,0,0,0,.0
506,RK,PLAYER,TEAM,COMP,ATT,PCT,YDS,YDS/A,LONG,TD,INT,SACK,RAT
507,,"Brendan Cope, WR",OHIO,0,1,.0,0,.0,0,0,0,0,.0
508,,"Alvin Bailey, WR",FLA,0,1,.0,0,.0,0,0,0,0,.0
509,,"Victor Bolden, WR",ORST,0,1,.0,0,.0,0,0,0,0,.0
510,,"Austin Rehkow, PK",IDHO,0,1,.0,0,.0,0,0,0,0,.0
511,,"Mitchell Juergens, WR",BYU,0,1,.0,0,.0,0,0,0,0,.0
512,,"Logan Piper, P",HOU,0,1,.0,0,.0,0,0,0,0,.0
513,,,UNKWN,0,2,.0,0,.0,0,0,0,0,.0
514,,,UNKWN,0,3,.0,0,.0,0,0,0,0,.0
515,,,UNKWN,0,1,.0,0,.0,0,0,0,0,.0
516,,,UNKWN,0,1,.0,0,.0,0,0,0,0,.0
517,RK,PLAYER,TEAM,COMP,ATT,PCT,YDS,YDS/A,LONG,TD,INT,SACK,RAT
518,,,UNKWN,0,1,.0,0,.0,0,0,0,0,.0
519,,,UNKWN,0,1,.0,0,.0,0,0,0,0,.0
520,,,UNKWN,0,1,.0,0,.0,0,0,0,0,.0
521,,,UNKWN,0,1,.0,0,.0,0,0,0,0,.0
522,,,UNKWN,0,1,.0,0,.0,0,0,0,0,.0
523,,,UNKWN,0,2,.0,0,.0,0,0,0,0,.0
524,,,UNKWN,0,1,.0,0,.0,0,0,0,0,.0
525,,,UNKWN,0,2,.0,0,.0,0,0,0,0,.0
526,,,UNKWN,0,1,.0,0,.0,0,0,0,0,.0
527,,,UNKWN,0,2,.0,0,.0,0,0,0,0,.0
528,RK,PLAYER,TEAM,COMP,ATT,PCT,YDS,YDS/A,LONG,TD,INT,SACK,RAT
529,481,- Team,CMU,0,1,.0,0,.0,0,0,0,0,.0
530,,"Geronimo Allison, WR",ILL,0,1,.0,0,.0,0,0,1,0,-200.0
531,,"Jabrill Peppers, S",MICH,0,1,.0,0,.0,0,0,0,1,.0
532,,"Nicodem Pierre, QB",DUKE,0,1,.0,0,.0,0,0,0,0,.0
533,,"Caleb Henderson, QB",UNC,0,1,.0,0,.0,0,0,0,0,.0
534,,"Hunter Fralick, QB",NEV,0,3,.0,0,.0,0,0,0,0,.0
535,,"Emiere Scaife, QB",GAST,0,8,.0,0,.0,0,0,0,1,.0
536,,"Kaylon Watson, RB",ULM,0,1,.0,0,.0,0,0,0,0,.0
537,,"Zach Davidson, QB",KSU,0,1,.0,0,.0,0,0,0,0,.0
538,,"John Johnson, WR",TROY,1,1,100.0,0,.0,0,0,0,0,100.0
539,RK,PLAYER,TEAM,COMP,ATT,PCT,YDS,YDS/A,LONG,TD,INT,SACK,RAT
540,,"Chris Merchant, QB",BUFF,0,1,.0,0,.0,0,0,0,0,.0
541,,"Terry Googer, WR",SC,0,1,.0,0,.0,0,0,0,0,.0
542,,"- Team, ATH",BSU,0,2,.0,0,.0,0,0,0,0,.0
543,,"Ian Sadler, WR",TTU,0,1,.0,0,.0,0,0,0,0,.0
544,,"Tabari Hines, WR",WAKE,0,1,.0,0,.0,0,0,1,0,-200.0
545,,"Jason Smith, WR",AUB,0,1,.0,0,.0,0,0,0,0,.0
546,,"D.J. Moore, WR",MD,0,1,.0,0,.0,0,0,0,0,.0
547,,"Nyheim Hines, WR",NCST,0,1,.0,0,.0,0,0,0,1,.0
548,,"Dontae Strickland, RB",SYR,0,1,.0,0,.0,0,0,0,0,.0
549,,"Eddie Daugherty, WR",EMU,0,1,.0,0,.0,0,0,0,0,.0
550,RK,PLAYER,TEAM,COMP,ATT,PCT,YDS,YDS/A,LONG,TD,INT,SACK,RAT
551,,"Chad President, QB",TLSA,0,3,.0,0,.0,0,0,0,1,.0
552,,"Penny Hart, WR",GAST,0,1,.0,0,.0,0,0,0,0,.0
553,,"Desmond Cain, WR",ILL,0,1,.0,0,.0,0,0,0,0,.0
554,,"Brad Stewart, WR",GT,0,1,.0,0,.0,0,0,1,0,-200.0
555,,"Steven Sims Jr., WR",KU,0,1,.0,0,.0,0,0,0,0,.0
556,,"Kareem Coles, QB",IDHO,0,1,.0,0,.0,0,0,0,0,.0
557,,"Emanuel Byrd, TE",MRSH,0,1,.0,0,.0,0,0,0,0,.0
558,508,"Riley Dixon, P",SYR,1,1,100.0,-1,-1.0,0,0,0,0,91.6
559,,"Wil Lutz, PK",GAST,1,1,100.0,-1,-1.0,-1,0,0,0,91.6
560,,"Andy Teasdall, P",CLEM,1,1,100.0,-1,-1.0,0,0,0,0,91.6
561,RK,PLAYER,TEAM,COMP,ATT,PCT,YDS,YDS/A,LONG,TD,INT,SACK,RAT
562,511,"Shaq Vann, RB",EMU,2,2,100.0,-4,-2.0,0,0,0,0,83.2
